{"ratings_jakob": [1, 1, 1, 1, 1, 1, 1, 1, 1, 0, 0, 1, 1, 0, 1, 1, 1, 0, 0, 1, 1, 0, 1, 1, 1, 1, 1, 1, 1, 1, 0, 1, 1, 1, 1, 0, 1, 1, 1, 1, 1, 1, 0, 1, 1, 0, 0, 1, 1, 1, 0, 1, 0, 1, 1, 1, 1, 1, 0, 1, 1, 1, 1, 0, 0, 1, 0, 1, 1, 1, 0, 0, 1, 1, 0, 1, 0, 1, 1, 1, 1, 1, 1, 1, 1, 1, 1, 1, 1, 1, 1, 1, 1, 1, 1, 1, 0, 1, 1, 1], "ratings_quirin": [1, 1, 1, 0, 1, 1, 1, 1, 1, 1, 0, 1, 1, 0, 1, 1, 1, 0, 1, 1, 1, 0, 1, 1, 1, 1, 1, 1, 1, 1, 0, 1, 1, 1, 1, 0, 1, 1, 1, 0, 1, 1, 1, 1, 1, 1, 0, 1, 1, 1, 0, 1, 1, 1, 1, 1, 1, 1, 1, 1, 0, 1, 1, 0, 1, 0, 1, 1, 1, 1, 0, 1, 1, 1, 1, 1, 1, 1, 1, 1, 1, 0, 1, 1, 1, 1, 1, 1, 1, 1, 1, 1, 1, 1, 1, 1, 0, 1, 1, 1], "new_ratings": {"3": 1, "9": 1, "18": 1, "39": 1, "42": 1, "45": 1, "52": 1, "58": 0, "60": 1, "64": 0, "65": 1, "66": 1, "71": 0, "74": 0, "76": 1, "81": 1}, "ratings_merged": [1, 1, 1, 1, 1, 1, 1, 1, 1, 1, 0, 1, 1, 0, 1, 1, 1, 0, 1, 1, 1, 0, 1, 1, 1, 1, 1, 1, 1, 1, 0, 1, 1, 1, 1, 0, 1, 1, 1, 1, 1, 1, 1, 1, 1, 1, 0, 1, 1, 1, 0, 1, 1, 1, 1, 1, 1, 1, 0, 1, 1, 1, 1, 0, 0, 1, 1, 1, 1, 1, 0, 0, 1, 1, 0, 1, 1, 1, 1, 1, 1, 1, 1, 1, 1, 1, 1, 1, 1, 1, 1, 1, 1, 1, 1, 1, 0, 1, 1, 1], "probabilities": [0.4428989887237549, 0.3971908986568451, 0.3120617270469665, 0.3470189273357391, 0.2542153596878052, 0.4034166932106018, 0.3230613470077514, 0.3716470897197723, 0.3736851215362549, 0.3782598376274109, 0.2989721894264221, 0.2584971785545349, 0.2641228139400482, 0.3183178007602691, 0.2857604920864105, 0.3321149945259094, 0.3391177058219909, 0.321620762348175, 0.3427746891975403, 0.4210645854473114, 0.2567805051803589, 0.3028300106525421, 0.3492897748947143, 0.3216131031513214, 0.3195083439350128, 0.358308345079422, 0.2977161705493927, 0.3212308883666992, 0.4017153084278106, 0.3238773047924042, 0.3015950620174408, 0.4402246177196502, 0.4241207540035248, 0.3126705288887024, 0.2789482176303863, 0.2794430255889892, 0.3133147358894348, 0.3472397923469543, 0.3039418756961822, 0.3771819770336151, 0.2963443398475647, 0.3116248548030853, 0.3886747658252716, 0.4472405910491943, 0.3553892970085144, 0.3536998629570007, 0.3144599199295044, 0.2573167681694031, 0.4176807701587677, 0.3581005036830902, 0.359419584274292, 0.3223594129085541, 0.3154440522193908, 0.3126296103000641, 0.325817346572876, 0.3901459872722626, 0.337642639875412, 0.3534825146198272, 0.2612914144992828, 0.2648214101791382, 0.4071496427059173, 0.3332334160804748, 0.3379831314086914, 0.3016288578510284, 0.2672173082828522, 0.355195939540863, 0.3300023674964905, 0.4270564913749695, 0.4281454980373382, 0.3661831021308899, 0.2762689888477325, 0.2519095242023468, 0.2579584121704101, 0.4499663710594177, 0.2580240368843078, 0.2927776873111725, 0.2875136435031891, 0.2799504995346069, 0.381541907787323, 0.3714655339717865, 0.3340583443641662, 0.4348908960819244, 0.2631007432937622, 0.2901139855384826, 0.2887351810932159, 0.3091011941432953, 0.3110031187534332, 0.2752115130424499, 0.3861783742904663, 0.2791831195354461, 0.3473222851753235, 0.3213517963886261, 0.3702909648418426, 0.4020942151546478, 0.3186500072479248, 0.3204341232776642, 0.3280119001865387, 0.3158097863197326, 0.4317356944084167, 0.2721688747406006]}